Sample_ID,labels,Date&Time,DNA_Conc,Unit,A260,A280,260/280,260/230,Sample_type
ABU,,3/11/2022 5:55:03 PM,14.4,ng/µl,0.288,0.156,1.84,0.97,DNA
ABV,,3/11/2022 5:56:57 PM,143.5,ng/µl,2.871,1.541,1.86,2.2,DNA
ACH,,3/21/2022 1:26:08 PM,12.4,ng/µl,0.248,0.152,1.63,0.42,DNA
ACW,,3/11/2022 6:13:17 PM,26.4,ng/µl,0.528,0.309,1.71,0.99,DNA
AEQ,,3/24/2022 11:46:46 AM,145.4,ng/µl,2.909,1.552,1.87,1.89,DNA
AFR,,4/10/2022 5:11:02 PM,60.1,ng/µl,1.202,0.67,1.79,1.93,DNA
AIZ,,3/21/2022 1:26:47 PM,20.8,ng/µl,0.416,0.23,1.81,1.45,DNA
AKT,,4/7/2022 2:18:10 PM,123.4,ng/µl,2.469,1.505,1.64,0.97,DNA
AMY,,3/11/2022 5:57:52 PM,145.6,ng/µl,2.913,1.669,1.75,1.23,DNA
AOP,,3/15/2022 12:09:24 PM,106.4,ng/µl,2.129,1.154,1.85,2.14,DNA
ARV,,3/24/2022 11:49:22 AM,196.3,ng/µl,3.926,2.129,1.84,2.25,DNA
ASD,,3/11/2022 5:59:27 PM,21,ng/µl,0.421,0.276,1.53,0.3,DNA
BCE,,4/10/2022 5:12:12 PM,-30.8,ng/µl,-0.617,-0.342,1.81,0.89,DNA
BDL,,3/18/2022 12:58:43 PM,137.3,ng/µl,2.746,1.463,1.88,2.49,DNA
BEJ,,3/21/2022 1:21:52 PM,155.2,ng/µl,3.103,1.776,1.75,0.69,DNA
BES,,3/11/2022 6:05:50 PM,120.9,ng/µl,2.418,1.36,1.78,1.32,DNA
BIK,,3/21/2022 1:24:44 PM,60.5,ng/µl,1.21,0.657,1.84,1.99,DNA
CEG,,4/10/2022 5:13:03 PM,315.1,ng/µl,6.302,3.499,1.8,1.86,DNA
CHO,,3/11/2022 6:14:11 PM,102.2,ng/µl,2.044,1.121,1.82,1.69,DNA
CIW,,4/10/2022 5:14:11 PM,-33.4,ng/µl,-0.669,-0.342,1.95,1.04,DNA
CJY,,3/11/2022 6:15:31 PM,37.2,ng/µl,0.745,0.446,1.67,0.85,DNA
CLZ,,4/5/2022 3:44:19 PM,178.6,ng/µl,3.572,4.234,0.84,0.28,DNA
CMU,,3/18/2022 12:53:50 PM,18.8,ng/µl,0.376,0.174,2.17,-1.87,DNA
CNP,,3/14/2022 2:10:15 PM,192.7,ng/µl,3.853,2.099,1.84,2.07,DNA
CPT,,3/11/2022 6:01:36 PM,120,ng/µl,2.4,1.291,1.86,2.46,DNA
DEM,,3/24/2022 11:50:52 AM,133.7,ng/µl,2.674,1.437,1.86,1.66,DNA
DET,,3/11/2022 6:16:30 PM,216.5,ng/µl,4.33,2.482,1.74,1.37,DNA
DEY,,3/18/2022 12:57:16 PM,259.2,ng/µl,5.184,2.803,1.85,2.74,DNA
DJP,,3/21/2022 1:21:04 PM,42.1,ng/µl,0.843,0.451,1.87,1.41,DNA
DKZ,,4/5/2022 3:46:09 PM,-94.8,ng/µl,-1.897,1.227,-1.55,-1.68,DNA
DMO,,3/11/2022 6:02:24 PM,8.1,ng/µl,0.162,0.148,1.1,0.16,DNA
DMV,,3/21/2022 1:25:28 PM,27.2,ng/µl,0.544,0.288,1.89,-5.51,DNA
EJM,,3/18/2022 1:02:31 PM,211.6,ng/µl,4.232,2.303,1.84,2.44,DNA
ELN,,4/5/2022 3:48:03 PM,-140.3,ng/µl,-2.805,0.757,-3.71,-0.8,DNA
EMT,,3/18/2022 12:59:54 PM,72.8,ng/µl,1.455,0.765,1.9,5.17,DNA
EMV,,4/7/2022 2:20:45 PM,144.1,ng/µl,2.881,1.792,1.61,1.2,DNA
FJO,,4/10/2022 5:15:04 PM,373.8,ng/µl,7.477,4.291,1.74,1.48,DNA
FOQ,,4/5/2022 3:48:51 PM,156.3,ng/µl,3.127,4.079,0.77,0.72,DNA
FOT,,4/7/2022 2:21:54 PM,251.3,ng/µl,5.026,2.912,1.73,1.87,DNA
GLV,,4/10/2022 5:15:58 PM,232.8,ng/µl,4.657,2.575,1.81,1.92,DNA
GSZ,,4/7/2022 2:22:52 PM,70.1,ng/µl,1.401,0.991,1.41,0.51,DNA
GTY,,3/11/2022 6:03:17 PM,198.2,ng/µl,3.965,2.19,1.81,2.13,DNA
HJM,,4/10/2022 5:16:47 PM,93,ng/µl,1.859,1.053,1.77,1.43,DNA
HJV,,3/17/2022 2:07:47 PM,162,ng/µl,3.24,1.797,1.8,1.49,DNA
HJZ,,3/24/2022 11:50:06 AM,84.4,ng/µl,1.687,0.896,1.88,3.63,DNA
HKT,,4/5/2022 3:49:42 PM,51,ng/µl,1.019,2.846,0.36,0.3,DNA
HOP,,3/17/2022 1:50:13 PM,77.4,ng/µl,1.547,0.84,1.84,1.32,DNA
IMQ,,3/11/2022 6:17:25 PM,118.3,ng/µl,2.367,1.287,1.84,1.74,DNA
IPT,,4/10/2022 5:17:30 PM,130.7,ng/µl,2.615,1.494,1.75,1.17,DNA
ISW,,3/24/2022 11:52:15 AM,83.6,ng/µl,1.673,0.901,1.86,1.94,DNA
JKZ,,3/18/2022 1:01:19 PM,239.3,ng/µl,4.785,2.595,1.84,2.5,DNA
JLQ,,4/7/2022 2:23:48 PM,117.7,ng/µl,2.353,1.44,1.63,1.46,DNA
JLY,,3/15/2022 12:14:36 PM,176.1,ng/µl,3.522,1.923,1.83,1.76,DNA
JMQ,,4/7/2022 2:24:37 PM,292.6,ng/µl,5.853,3.371,1.74,2.09,DNA
JOV,,3/24/2022 11:51:41 AM,49.6,ng/µl,0.993,0.531,1.87,0.67,DNA
JPV,,3/17/2022 1:54:05 PM,180.7,ng/µl,3.614,1.96,1.84,2.12,DNA
JRS,,3/11/2022 6:04:03 PM,112.9,ng/µl,2.259,1.265,1.79,1.54,DNA
JWY,,3/24/2022 11:48:39 AM,188.4,ng/µl,3.767,2.062,1.83,1.9,DNA
KMS,,4/7/2022 2:25:30 PM,325.2,ng/µl,6.503,3.755,1.73,2,DNA
KNX,,4/5/2022 3:50:32 PM,62.4,ng/µl,1.247,2.944,0.42,0.53,DNA
KWY,,3/11/2022 6:18:12 PM,119.6,ng/µl,2.392,1.288,1.86,1.95,DNA
LMD,,3/11/2022 6:20:24 PM,14.9,ng/µl,0.297,0.155,1.91,1.09,DNA
LNU,,3/24/2022 11:47:47 AM,84,ng/µl,1.68,0.888,1.89,4.35,DNA
LSU,,3/17/2022 1:57:59 PM,124.7,ng/µl,2.495,1.358,1.84,2.12,DNA
MQT,,4/10/2022 5:19:00 PM,354.7,ng/µl,7.094,3.995,1.78,1.26,DNA
MTY,,4/5/2022 3:51:17 PM,46.5,ng/µl,0.929,2.811,0.33,0.36,DNA
NQY,,4/5/2022 3:52:05 PM,-104.2,ng/µl,-2.084,1.146,-1.82,-1.37,DNA
NRW,,3/17/2022 2:06:13 PM,24.7,ng/µl,0.494,0.27,1.83,0.6,DNA
NSZ,,3/21/2022 1:20:14 PM,20.3,ng/µl,0.405,0.214,1.89,-2.59,DNA
OVY,,4/5/2022 3:52:57 PM,-123.2,ng/µl,-2.463,0.938,-2.63,-0.82,DNA
POV,,3/11/2022 6:22:35 PM,339.9,ng/µl,6.797,3.834,1.77,1.81,DNA
PSY,,4/7/2022 2:26:17 PM,259.2,ng/µl,5.184,3.021,1.72,1.47,DNA
PWY,,3/11/2022 6:21:50 PM,88.9,ng/µl,1.779,1.019,1.75,0.97,DNA
QRU,,3/11/2022 6:04:58 PM,112.9,ng/µl,2.258,1.249,1.81,1.4,DNA
QSY,,3/17/2022 1:56:14 PM,31.5,ng/µl,0.63,0.349,1.81,1.13,DNA
RVX,,3/14/2022 2:07:55 PM,33.9,ng/µl,0.677,0.39,1.74,1.05,DNA
SUZ,,4/7/2022 2:27:09 PM,220.2,ng/µl,4.403,2.557,1.72,1.72,DNA
TXY,,3/11/2022 6:23:19 PM,163.8,ng/µl,3.277,1.865,1.76,1.37,DNA
TXZ,,4/7/2022 2:27:55 PM,255,ng/µl,5.101,3.034,1.68,1.48,DNA
UVY,,3/21/2022 1:19:18 PM,20.7,ng/µl,0.414,0.217,1.9,-3.71,DNA
VWX,,4/10/2022 5:19:48 PM,62.7,ng/µl,1.254,0.722,1.74,1.19,DNA
VXY,,4/5/2022 3:53:42 PM,-102.8,ng/µl,-2.055,1.153,-1.78,-0.41,DNA
ABD,,4/19/2022 5:10:11 PM,202,ng/µl,4.04,2.182,1.85,2.08,DNA
ABL,,4/14/2022 6:59:48 PM,203.3,ng/µl,4.065,2.234,1.82,1.29,DNA
ABU2,,4/22/2022 5:22:51 PM,61.2,ng/µl,1.225,0.706,1.74,1.23,DNA
ACJ,,4/21/2022 7:58:10 PM,251.7,ng/µl,5.033,2.753,1.83,1.99,DNA
ACN,,4/23/2022 8:19:14 PM,236.9,ng/µl,4.738,2.566,1.85,2.21,DNA
ACP,,4/15/2022 6:27:57 PM,192.1,ng/µl,3.841,2.145,1.79,1.45,DNA
ACW,,4/26/2022 7:58:49 PM,52.2,ng/µl,1.044,0.584,1.79,1.52,DNA
ACY,,4/15/2022 3:05:33 PM,280,ng/µl,5.6,3.075,1.82,2.09,DNA
ADG,,4/24/2022 4:03:19 PM,212.1,ng/µl,4.241,2.323,1.83,2.11,DNA
AEQ,,4/26/2022 8:08:57 PM,154,ng/µl,3.08,1.665,1.85,1.54,DNA
AFR,,4/26/2022 7:56:38 PM,63.4,ng/µl,1.269,0.713,1.78,1.38,DNA
AGL,,5/1/2022 3:37:42 PM,268.8,ng/µl,5.376,2.959,1.82,2,DNA
AHJ,,4/15/2022 3:06:47 PM,164.7,ng/µl,3.295,1.795,1.84,2.18,DNA
AHU,,4/26/2022 8:07:25 PM,237.3,ng/µl,4.747,2.587,1.83,1.94,DNA
AIK,,4/15/2022 6:28:34 PM,143.6,ng/µl,2.871,1.563,1.84,1.36,DNA
AIN,,4/16/2022 5:12:19 PM,189.6,ng/µl,3.792,2.06,1.84,2.16,DNA
AIZ,,4/26/2022 7:44:15 PM,23.9,ng/µl,0.477,0.269,1.77,0.58,DNA
AJO,,5/1/2022 3:25:26 PM,227.8,ng/µl,4.556,2.514,1.81,1.66,DNA
AJQ,,4/26/2022 7:46:19 PM,59.3,ng/µl,1.186,0.67,1.77,1.44,DNA
AJT,,4/14/2022 6:43:14 PM,134.1,ng/µl,2.682,1.433,1.87,2.02,DNA
AKO,,4/15/2022 3:07:43 PM,169.2,ng/µl,3.384,1.913,1.77,1.18,DNA
ALU,,4/26/2022 8:13:57 PM,163.4,ng/µl,3.267,1.772,1.84,1.82,DNA
AMY,,4/26/2022 7:47:25 PM,-10.1,ng/µl,-0.202,0.035,-5.81,-0.5,DNA
AMY,,4/26/2022 7:47:53 PM,196.6,ng/µl,3.931,2.199,1.79,1.44,DNA
ANO,,4/16/2022 5:13:35 PM,166.5,ng/µl,3.33,1.83,1.82,1.8,DNA
AOV2,,4/22/2022 5:23:53 PM,217.6,ng/µl,4.351,2.398,1.81,1.92,DNA
ATW,,4/26/2022 8:00:49 PM,210.6,ng/µl,4.213,2.373,1.78,1.54,DNA
BCE2,,4/20/2022 5:52:54 PM,187.1,ng/µl,3.742,2.041,1.83,2.13,DNA
BCJ,,5/1/2022 3:38:24 PM,233.8,ng/µl,4.676,2.581,1.81,1.9,DNA
BCM,,4/24/2022 4:04:19 PM,205.1,ng/µl,4.102,2.253,1.82,2.06,DNA
BCR,,4/22/2022 5:24:37 PM,274.7,ng/µl,5.494,3.031,1.81,1.87,DNA
BCY,,5/1/2022 3:28:03 PM,50.5,ng/µl,1.01,0.525,1.92,2.74,DNA
BFO,,4/22/2022 5:25:20 PM,249.7,ng/µl,4.994,2.837,1.76,1.54,DNA
BGI,,4/19/2022 5:11:19 PM,213.9,ng/µl,4.279,2.32,1.84,2.18,DNA
BGM,,4/21/2022 12:27:05 PM,303.6,ng/µl,6.072,3.359,1.81,1.95,DNA
BGU,,4/15/2022 3:08:38 PM,280.5,ng/µl,5.609,3.094,1.81,2.06,DNA
BHN,,4/21/2022 8:00:26 PM,17.2,ng/µl,0.343,0.192,1.78,0.8,DNA
BHN2,,4/23/2022 4:37:31 PM,129.8,ng/µl,2.596,1.484,1.75,1.27,DNA
BHO,,5/1/2022 3:28:50 PM,201.6,ng/µl,4.032,2.217,1.82,1.19,DNA
BIL,,4/26/2022 7:50:02 PM,275.1,ng/µl,5.501,3.021,1.82,2.06,DNA
BKZ,,4/24/2022 4:05:47 PM,86.5,ng/µl,1.73,0.962,1.8,1.92,DNA
BLN,,4/26/2022 8:07:56 PM,164.2,ng/µl,3.283,1.797,1.83,2.03,DNA
BLX,,4/19/2022 12:37:20 PM,305.2,ng/µl,6.104,3.343,1.83,2.05,DNA
BMX,,4/16/2022 5:15:04 PM,134.7,ng/µl,2.694,1.518,1.77,1.45,DNA
BNR,,5/1/2022 3:29:37 PM,7.9,ng/µl,0.158,0.071,2.23,0.32,DNA
BNV,,4/24/2022 4:06:24 PM,266.2,ng/µl,5.324,2.912,1.83,2.01,DNA
BNX,,4/24/2022 4:07:06 PM,117,ng/µl,2.341,1.312,1.78,1.5,DNA
BOR,,4/19/2022 5:12:11 PM,235.1,ng/µl,4.702,2.549,1.84,1.57,DNA
BQZ,,4/26/2022 8:03:04 PM,199.8,ng/µl,3.997,2.195,1.82,1.53,DNA
BTZ,,4/24/2022 4:07:58 PM,83.3,ng/µl,1.665,0.942,1.77,1.42,DNA
CDE,,4/20/2022 1:58:19 PM,150.6,ng/µl,3.013,1.626,1.85,2.18,DNA
CEG,,4/26/2022 7:55:31 PM,330.5,ng/µl,6.609,3.654,1.81,1.8,DNA
CEH,,4/16/2022 5:17:10 PM,51.2,ng/µl,1.024,0.563,1.82,1.68,DNA
CEP,,4/21/2022 4:40:27 PM,277.6,ng/µl,5.553,3.144,1.77,1.56,DNA
CEW,,4/20/2022 1:59:49 PM,181.2,ng/µl,3.623,1.975,1.83,1.76,DNA
CFG,,4/23/2022 8:20:08 PM,94.2,ng/µl,1.885,1.065,1.77,1.19,DNA
CFW,,4/14/2022 6:42:41 PM,160.5,ng/µl,3.21,1.723,1.86,1.89,DNA
CHR,,4/20/2022 5:51:54 PM,261.7,ng/µl,5.235,2.9,1.8,1.97,DNA
CIP,,4/22/2022 8:21:10 PM,278.5,ng/µl,5.57,3.108,1.79,2.14,DNA
CIW2,,4/22/2022 5:26:10 PM,261.1,ng/µl,5.222,2.872,1.82,1.9,DNA
CJQ,,4/14/2022 6:44:41 PM,147.7,ng/µl,2.954,1.596,1.85,2.01,DNA
CJY,,4/26/2022 7:44:46 PM,53.4,ng/µl,1.069,0.591,1.81,1.49,DNA
CKN,,4/16/2022 5:17:52 PM,238.1,ng/µl,4.761,2.82,1.69,1.11,DNA
CKR,,4/20/2022 5:54:32 PM,239.2,ng/µl,4.784,2.7,1.77,1.6,DNA
CKW,,4/20/2022 5:55:22 PM,248.8,ng/µl,4.976,2.768,1.8,1.76,DNA
CKZ,,4/14/2022 7:02:10 PM,185.1,ng/µl,3.701,2.029,1.82,1.32,DNA
CLT,,4/19/2022 5:13:05 PM,197.9,ng/µl,3.958,2.142,1.85,2.23,DNA
CNP,,4/26/2022 7:46:58 PM,201.3,ng/µl,4.025,2.196,1.83,1.94,DNA
CNS,,4/22/2022 8:22:01 PM,224,ng/µl,4.481,2.583,1.73,1.27,DNA
COV,,4/22/2022 5:26:56 PM,216,ng/µl,4.319,2.48,1.74,1.4,DNA
COW,,4/15/2022 3:09:31 PM,305,ng/µl,6.099,3.341,1.83,2.2,DNA
CQT,,4/22/2022 8:22:39 PM,246.6,ng/µl,4.931,2.683,1.84,2.03,DNA
CSX,,4/14/2022 7:02:48 PM,144.1,ng/µl,2.883,1.58,1.82,1.26,DNA
CTZ,,4/21/2022 4:41:33 PM,212.8,ng/µl,4.256,2.374,1.79,1.63,DNA
CUX,,4/20/2022 5:57:39 PM,220.7,ng/µl,4.413,2.447,1.8,1.9,DNA
DEK2,,4/14/2022 6:46:03 PM,127.7,ng/µl,2.555,1.369,1.87,1.89,DNA
DEW,,4/15/2022 6:29:25 PM,63,ng/µl,1.26,0.702,1.79,1.52,DNA
DEY,,4/26/2022 8:09:25 PM,271.4,ng/µl,5.428,2.968,1.83,2.17,DNA
DEZ,,4/22/2022 8:23:25 PM,202.8,ng/µl,4.056,2.183,1.86,2.07,DNA
DGJ,,5/1/2022 3:43:50 PM,284,ng/µl,5.681,3.109,1.83,2.26,DNA
DGU,,4/19/2022 12:38:35 PM,197.7,ng/µl,3.953,2.149,1.84,2.21,DNA
DIS,,4/26/2022 8:00:24 PM,189.3,ng/µl,3.786,2.108,1.8,1.65,DNA
DMO2,,5/1/2022 3:39:05 PM,202.2,ng/µl,4.043,2.193,1.84,2.1,DNA
DMT,,4/14/2022 6:46:53 PM,244.2,ng/µl,4.884,2.648,1.84,1.98,DNA
DMV2,,4/20/2022 5:58:20 PM,149.3,ng/µl,2.985,1.674,1.78,1.55,DNA
DMX,,4/20/2022 2:00:46 PM,250.2,ng/µl,5.005,2.869,1.74,1.44,DNA
DNX,,4/22/2022 5:27:40 PM,120.9,ng/µl,2.419,1.327,1.82,2.02,DNA
DPT,,4/19/2022 12:39:30 PM,294.7,ng/µl,5.893,3.186,1.85,2.24,DNA
DPW,,4/26/2022 8:01:23 PM,30.1,ng/µl,0.601,0.343,1.75,1.27,DNA
DRY,,4/23/2022 8:20:53 PM,117.8,ng/µl,2.357,1.273,1.85,1.54,DNA
DTY,,4/19/2022 12:40:26 PM,200.9,ng/µl,4.019,2.188,1.84,2,DNA
DXY,,4/26/2022 7:57:09 PM,241.9,ng/µl,4.838,2.679,1.81,1.97,DNA
EFU2,,4/20/2022 5:59:05 PM,131.2,ng/µl,2.625,1.482,1.77,1.28,DNA
EHN,,5/1/2022 3:39:43 PM,126.7,ng/µl,2.534,1.383,1.83,1.94,DNA
EHR,,4/22/2022 8:24:10 PM,257,ng/µl,5.139,2.782,1.85,2.18,DNA
EHS,,4/21/2022 12:28:13 PM,163.9,ng/µl,3.279,1.785,1.84,2.04,DNA
EHX,,5/1/2022 3:40:22 PM,297.6,ng/µl,5.951,3.306,1.8,1.77,DNA
EIP,,4/21/2022 4:43:09 PM,180.8,ng/µl,3.615,1.966,1.84,1.64,DNA
EIR,,4/24/2022 4:08:39 PM,309.9,ng/µl,6.198,3.406,1.82,2.13,DNA
EIY,,4/16/2022 5:19:16 PM,120.7,ng/µl,2.413,1.332,1.81,1.59,DNA
EJN,,4/26/2022 8:04:06 PM,225.9,ng/µl,4.517,2.499,1.81,1.94,DNA
EKO,,4/21/2022 12:29:07 PM,97.6,ng/µl,1.952,1.067,1.83,1.9,DNA
EKR,,4/23/2022 4:39:15 PM,37.1,ng/µl,0.742,0.414,1.79,1.41,DNA
EKT,,4/26/2022 8:14:55 PM,102,ng/µl,2.04,1.086,1.88,1.84,DNA
EMT,,5/1/2022 3:35:21 PM,78.6,ng/µl,1.573,0.85,1.85,1.91,DNA
EMX,,4/21/2022 4:43:55 PM,220.7,ng/µl,4.414,2.425,1.82,2.08,DNA
ENR,,4/23/2022 4:40:56 PM,72.9,ng/µl,1.458,0.792,1.84,1.55,DNA
EOU,,4/22/2022 5:28:22 PM,137.8,ng/µl,2.756,1.521,1.81,1.41,DNA
EQU,,4/19/2022 12:41:28 PM,296.4,ng/µl,5.929,3.244,1.83,1.68,DNA
ESV,,4/19/2022 5:13:54 PM,209.6,ng/µl,4.193,2.35,1.78,1.62,DNA
ETU,,4/21/2022 12:30:04 PM,251.9,ng/µl,5.037,2.751,1.83,1.61,DNA
ETZ,,4/23/2022 4:41:40 PM,200.1,ng/µl,4.002,2.189,1.83,1.42,DNA
EUW,,4/14/2022 6:47:37 PM,149.1,ng/µl,2.982,1.604,1.86,1.23,DNA
FIY,,4/16/2022 5:20:05 PM,72.9,ng/µl,1.457,0.811,1.8,1.38,DNA
FJK,,4/20/2022 2:01:39 PM,182.6,ng/µl,3.652,1.993,1.83,2.11,DNA
FJQ,,4/23/2022 4:42:34 PM,126.3,ng/µl,2.526,1.393,1.81,1.78,DNA
FKM,,4/23/2022 8:21:39 PM,122.7,ng/µl,2.454,1.332,1.84,1.5,DNA
FKS,,4/26/2022 8:08:27 PM,125.2,ng/µl,2.505,1.364,1.84,1.91,DNA
FKW,,4/23/2022 8:22:53 PM,34.1,ng/µl,0.682,0.389,1.76,0.92,DNA
FLQ,,4/26/2022 8:10:24 PM,164.4,ng/µl,3.288,1.778,1.85,0.98,DNA
FLV,,4/23/2022 8:25:20 PM,32,ng/µl,0.64,0.341,1.88,0.82,DNA
FLV2,,4/24/2022 4:09:26 PM,52.2,ng/µl,1.043,0.6,1.74,1.11,DNA
FOQ2,,4/21/2022 8:01:11 PM,216.4,ng/µl,4.327,2.398,1.8,1.75,DNA
FOT,,4/26/2022 8:09:53 PM,258.6,ng/µl,5.172,2.888,1.79,1.67,DNA
FPY,,4/20/2022 2:02:21 PM,262.8,ng/µl,5.255,2.909,1.81,1.75,DNA
FQV,,4/14/2022 6:51:49 PM,40.9,ng/µl,0.819,0.464,1.76,0.74,DNA
FRW,,4/16/2022 5:21:03 PM,115,ng/µl,2.3,1.25,1.84,2.11,DNA
FSW,,4/26/2022 8:14:26 PM,82.6,ng/µl,1.652,0.88,1.88,2.13,DNA
FTX,,4/19/2022 5:14:40 PM,265.8,ng/µl,5.315,2.906,1.83,2.09,DNA
FUY,,5/1/2022 3:32:48 PM,340.8,ng/µl,6.817,3.714,1.84,1.93,DNA
GHL,,4/15/2022 3:11:04 PM,147,ng/µl,2.94,1.622,1.81,1.92,DNA
GHU,,4/21/2022 8:02:44 PM,277.4,ng/µl,5.547,3.02,1.84,2.14,DNA
GIR,,4/21/2022 8:01:59 PM,81.6,ng/µl,1.632,0.904,1.81,1.53,DNA
GLM,,4/26/2022 7:59:48 PM,81.2,ng/µl,1.625,0.906,1.79,1.41,DNA
GLV,,4/26/2022 7:53:22 PM,225.9,ng/µl,4.517,2.489,1.81,1.8,DNA
GMQ,,4/23/2022 8:26:13 PM,171.3,ng/µl,3.426,1.857,1.84,2.04,DNA
GNZ,,4/14/2022 6:53:14 PM,157.9,ng/µl,3.157,1.722,1.83,1.69,DNA
GRV,,4/14/2022 7:04:39 PM,197.4,ng/µl,3.948,2.158,1.83,1.29,DNA
GUX,,5/1/2022 3:42:04 PM,243.4,ng/µl,4.869,2.751,1.77,1.58,DNA
HIO,,4/16/2022 5:00:51 PM,32.5,ng/µl,0.65,0.358,1.82,1.49,DNA
HIS,,4/23/2022 4:43:18 PM,139.5,ng/µl,2.789,1.578,1.77,1.4,DNA
HJK,,4/16/2022 5:02:18 PM,231.4,ng/µl,4.628,2.526,1.83,2.22,DNA
HJL,,4/21/2022 8:03:28 PM,122.4,ng/µl,2.449,1.355,1.81,1.18,DNA
HJR,,4/23/2022 4:44:07 PM,135.3,ng/µl,2.706,1.518,1.78,1.34,DNA
HJT,,4/14/2022 7:05:10 PM,155.6,ng/µl,3.112,1.7,1.83,1.35,DNA
HJW,,4/22/2022 8:24:57 PM,250.9,ng/µl,5.018,2.731,1.84,1.91,DNA
HJX,,5/1/2022 3:31:07 PM,231,ng/µl,4.62,2.508,1.84,2.18,DNA
HKV,,4/16/2022 5:03:07 PM,108.8,ng/µl,2.176,1.18,1.84,1.89,DNA
HLY,,4/15/2022 6:30:10 PM,141.8,ng/µl,2.835,1.589,1.78,1.45,DNA
HLZ,,5/1/2022 3:31:58 PM,177.3,ng/µl,3.547,1.951,1.82,1.73,DNA
HMU,,4/16/2022 5:03:56 PM,180.7,ng/µl,3.614,1.958,1.85,1.91,DNA
HNX,,4/20/2022 2:04:08 PM,168.6,ng/µl,3.373,1.836,1.84,1.96,DNA
HOP,,5/1/2022 3:27:29 PM,64.6,ng/µl,1.292,0.691,1.87,1.24,DNA
HOX,,4/21/2022 4:44:40 PM,226.3,ng/µl,4.527,2.459,1.84,2.04,DNA
HOY,,4/15/2022 6:30:48 PM,92.8,ng/µl,1.855,1.075,1.73,0.35,DNA
HQT,,4/20/2022 2:05:17 PM,268.4,ng/µl,5.367,2.94,1.83,2.08,DNA
HQZ,,4/16/2022 5:04:49 PM,208.9,ng/µl,4.177,2.336,1.79,1.51,DNA
HSZ,,4/21/2022 8:04:19 PM,262.6,ng/µl,5.252,2.943,1.78,1.68,DNA
HTZ,,4/26/2022 7:42:35 PM,201.6,ng/µl,4.032,2.204,1.83,1.94,DNA
IJQ,,4/16/2022 5:06:43 PM,24.1,ng/µl,0.483,0.272,1.77,1.47,DNA
IJQ2,,4/23/2022 8:26:57 PM,204.6,ng/µl,4.093,2.292,1.79,1.61,DNA
IJR,,4/19/2022 12:42:13 PM,250.3,ng/µl,5.005,2.722,1.84,2.07,DNA
IJS,,4/23/2022 4:44:53 PM,186.7,ng/µl,3.734,2.035,1.84,2.19,DNA
IJT,,4/22/2022 8:26:07 PM,302.2,ng/µl,6.043,3.322,1.82,1.94,DNA
IJY,,4/19/2022 12:42:54 PM,344.3,ng/µl,6.887,3.738,1.84,2.14,DNA
IKO,,4/20/2022 5:59:46 PM,279.1,ng/µl,5.582,3.149,1.77,1.67,DNA
IKS,,4/22/2022 8:26:49 PM,284.1,ng/µl,5.683,3.092,1.84,2.14,DNA
IKZ,,4/15/2022 3:12:35 PM,119,ng/µl,2.379,1.284,1.85,2.16,DNA
IMQ,,4/26/2022 7:45:46 PM,136.2,ng/µl,2.724,1.477,1.84,1.8,DNA
INR,,5/1/2022 3:33:24 PM,196.9,ng/µl,3.937,2.169,1.82,1.8,DNA
IOX,,4/14/2022 6:54:59 PM,199.1,ng/µl,3.982,2.178,1.83,1.61,DNA
IOY,,4/14/2022 6:54:07 PM,210,ng/µl,4.199,2.328,1.8,1.69,DNA
IPT,,4/26/2022 7:51:02 PM,106.4,ng/µl,2.127,1.171,1.82,1.34,DNA
IPY,,4/20/2022 2:06:03 PM,200.5,ng/µl,4.01,2.257,1.78,1.5,DNA
IQU,,4/16/2022 5:22:04 PM,280.8,ng/µl,5.616,3.059,1.84,2.16,DNA
ISW,,4/26/2022 7:57:42 PM,83.3,ng/µl,1.666,0.936,1.78,1.24,DNA
JKL,,4/24/2022 4:10:53 PM,15.8,ng/µl,0.316,0.193,1.64,0.66,DNA
JKZ,,4/26/2022 8:13:28 PM,244.1,ng/µl,4.883,2.671,1.83,2.02,DNA
JLN,,5/1/2022 3:34:03 PM,161.5,ng/µl,3.229,1.745,1.85,1.3,DNA
JLQ,,4/26/2022 8:11:27 PM,98.4,ng/µl,1.968,1.052,1.87,1.28,DNA
JMY,,4/19/2022 5:15:59 PM,185.6,ng/µl,3.711,2.058,1.8,1.87,DNA
JNS,,4/21/2022 12:30:51 PM,174.6,ng/µl,3.493,1.944,1.8,1.71,DNA
JOS,,4/21/2022 8:05:01 PM,230.2,ng/µl,4.603,2.548,1.81,1.79,DNA
JPV,,4/26/2022 8:10:53 PM,178.6,ng/µl,3.572,1.925,1.86,2.15,DNA
JPY,,4/26/2022 8:03:37 PM,41.4,ng/µl,0.828,0.464,1.79,1.33,DNA
JRS,,4/26/2022 7:59:21 PM,134.2,ng/µl,2.685,1.471,1.83,1.93,DNA
JSW,,4/19/2022 5:16:48 PM,237.8,ng/µl,4.757,2.605,1.83,2.02,DNA
JVY,,4/19/2022 5:17:37 PM,131.2,ng/µl,2.623,1.415,1.85,2.09,DNA
KMX,,4/14/2022 7:05:41 PM,109.2,ng/µl,2.184,1.21,1.81,0.75,DNA
KNT,,4/20/2022 6:00:22 PM,262.8,ng/µl,5.256,2.873,1.83,2.24,DNA
KNU,,5/1/2022 3:42:38 PM,66.1,ng/µl,1.321,0.713,1.85,1.92,DNA
KNX2,,4/21/2022 4:45:24 PM,257.1,ng/µl,5.141,2.865,1.79,1.72,DNA
KOU,,4/16/2022 5:07:22 PM,73.7,ng/µl,1.475,0.82,1.8,1.6,DNA
KOX,,4/15/2022 6:31:31 PM,85.3,ng/µl,1.706,0.976,1.75,0.96,DNA
KPV,,5/1/2022 3:43:13 PM,149.9,ng/µl,2.997,1.638,1.83,2.01,DNA
KQZ,,4/26/2022 8:02:34 PM,151.3,ng/µl,3.026,1.666,1.82,1.6,DNA
KUY,,4/15/2022 3:13:34 PM,207.2,ng/µl,4.144,2.251,1.84,2.15,DNA
KWY,,4/26/2022 7:50:31 PM,143.9,ng/µl,2.879,1.563,1.84,1.59,DNA
LMW,,4/19/2022 12:43:41 PM,341.7,ng/µl,6.833,3.702,1.85,2.15,DNA
LNU2,,4/21/2022 4:46:16 PM,228.2,ng/µl,4.564,2.558,1.78,1.61,DNA
LPU,,4/23/2022 4:45:35 PM,50.7,ng/µl,1.014,0.586,1.73,1.1,DNA
LRS,,4/15/2022 6:32:12 PM,173.4,ng/µl,3.467,1.914,1.81,0.23,DNA
LRX,,4/23/2022 4:46:20 PM,184.9,ng/µl,3.698,2.01,1.84,2.08,DNA
LRZ,,4/16/2022 5:08:10 PM,118.2,ng/µl,2.364,1.329,1.78,1.43,DNA
LSU,,4/26/2022 8:02:00 PM,134.1,ng/µl,2.681,1.48,1.81,1.94,DNA
LSZ,,4/21/2022 12:31:34 PM,349.4,ng/µl,6.989,3.858,1.81,2.13,DNA
LTU,,4/21/2022 8:05:44 PM,355.5,ng/µl,7.109,3.996,1.78,1.74,DNA
LUW,,4/21/2022 4:47:14 PM,277.8,ng/µl,5.556,3.089,1.8,1.73,DNA
LXZ,,4/21/2022 8:06:21 PM,274.3,ng/µl,5.485,3.007,1.82,1.87,DNA
LYZ,,4/22/2022 5:29:05 PM,296.2,ng/µl,5.925,3.328,1.78,1.77,DNA
MNR,,4/15/2022 6:33:56 PM,189.4,ng/µl,3.787,2.237,1.69,0.52,DNA
MNT,,4/16/2022 5:08:42 PM,153.4,ng/µl,3.069,1.675,1.83,1.87,DNA
MNW,,4/24/2022 4:11:46 PM,181.7,ng/µl,3.634,2.008,1.81,1.8,DNA
MOV,,4/20/2022 6:01:11 PM,212.9,ng/µl,4.259,2.381,1.79,1.75,DNA
MQT,,4/26/2022 7:52:23 PM,364.4,ng/µl,7.288,4.07,1.79,1.2,DNA
MRT,,5/1/2022 3:34:44 PM,48.6,ng/µl,0.973,0.514,1.89,1.59,DNA
MTY2,,4/22/2022 8:28:08 PM,307.9,ng/µl,6.158,3.403,1.81,1.82,DNA
MWY2,,4/16/2022 5:23:00 PM,157.4,ng/µl,3.148,1.712,1.84,1.82,DNA
NQY,,4/26/2022 8:12:29 PM,119.8,ng/µl,2.397,1.305,1.84,1.19,DNA
NRW,,4/26/2022 7:58:13 PM,23.7,ng/µl,0.475,0.278,1.71,0.55,DNA
NSZ2,,4/21/2022 12:32:26 PM,243.3,ng/µl,4.865,2.724,1.79,1.69,DNA
NWZ,,4/21/2022 4:48:02 PM,95.7,ng/µl,1.914,1.043,1.83,2.05,DNA
OPQ,,4/21/2022 12:33:13 PM,225.9,ng/µl,4.517,2.487,1.82,1.65,DNA
OPY,,4/19/2022 5:19:07 PM,156.8,ng/µl,3.136,1.697,1.85,2.11,DNA
OQY,,4/15/2022 6:34:37 PM,234.4,ng/µl,4.688,2.605,1.8,1.44,DNA
ORU,,4/16/2022 5:09:46 PM,50.9,ng/µl,1.017,0.587,1.73,1.16,DNA
OTV,,4/23/2022 8:27:42 PM,42.3,ng/µl,0.845,0.464,1.82,1.39,DNA
OVY,,4/26/2022 8:11:56 PM,90.6,ng/µl,1.812,0.983,1.84,0.54,DNA
PTV,,4/19/2022 12:44:27 PM,196.5,ng/µl,3.93,2.159,1.82,1.79,DNA
PWY,,4/26/2022 7:45:15 PM,62.5,ng/µl,1.25,0.684,1.83,1.25,DNA
QRU,,4/26/2022 7:48:58 PM,139.7,ng/µl,2.795,1.523,1.83,1.73,DNA
QSY,,5/1/2022 3:35:53 PM,20.3,ng/µl,0.407,0.197,2.07,1.54,DNA
QVY,,4/14/2022 7:06:17 PM,168.4,ng/µl,3.368,1.835,1.84,1.18,DNA
QVZ,,4/19/2022 12:45:13 PM,226.4,ng/µl,4.528,2.448,1.85,2.42,DNA
RSW,,4/21/2022 12:33:58 PM,246.2,ng/µl,4.925,2.755,1.79,1.73,DNA
RTV,,4/15/2022 3:15:18 PM,146.4,ng/µl,2.929,1.643,1.78,1.4,DNA
RUV,,4/21/2022 4:49:39 PM,285.4,ng/µl,5.708,3.155,1.81,1.89,DNA
RWY,,4/14/2022 7:06:42 PM,56.5,ng/µl,1.129,0.629,1.79,0.78,DNA
RWY2,,4/23/2022 8:28:45 PM,98.8,ng/µl,1.977,1.079,1.83,1.85,DNA
RXS,,4/22/2022 8:27:26 PM,254.1,ng/µl,5.082,2.867,1.77,1.42,DNA
SUW,,4/20/2022 2:07:31 PM,41.1,ng/µl,0.822,0.45,1.83,1.58,DNA
SUX,,4/15/2022 6:35:17 PM,294.7,ng/µl,5.894,3.476,1.7,1.06,DNA
SYZ,,4/21/2022 12:34:52 PM,248.9,ng/µl,4.979,2.712,1.84,2.25,DNA
TUY,,4/15/2022 3:16:12 PM,100.3,ng/µl,2.005,1.096,1.83,1.86,DNA
TWY,,4/22/2022 5:29:48 PM,314.9,ng/µl,6.299,3.502,1.8,1.87,DNA
TXY,,4/26/2022 7:49:32 PM,112.9,ng/µl,2.257,1.26,1.79,1.67,DNA
TXZ,,4/26/2022 8:12:59 PM,218.2,ng/µl,4.363,2.387,1.83,1.81,DNA
UVY,,4/26/2022 7:43:36 PM,30.8,ng/µl,0.617,0.34,1.81,0.96,DNA
UWY,,4/14/2022 7:07:21 PM,178.3,ng/µl,3.566,1.953,1.83,1.31,DNA
VWX2,,5/1/2022 3:44:27 PM,140.5,ng/µl,2.81,1.5,1.87,2.45,DNA
CLV,,,209.8,ng/µl,4.197,2.395,1.75,1.39,DNA
ADK,,,75,ng/µl,1.499,0.656,2.29,-1.1,DNA
BRZ,,,213.3,ng/µl,4.266,2.238,1.91,4.54,DNA
JVX,,,141.4,ng/µl,2.828,1.375,2.06,-3.37,DNA
RSZ,,3/4/2022 2:14:40 PM,202.7,ng/µl,4.055,2.321,1.75,1.41,DNA
BQY,,4/20/2022 1:56:11 PM,88,ng/µl,1.759,0.951,1.85,2.08,DNA
HQT,,4/20/2022 2:05:17 PM,268.4,ng/µl,5.367,2.94,1.83,2.08,DNA
FPV,,4/20/2022 2:02:21 PM,262.8,ng/µl,5.255,2.909,1.81,1.75,DNA
DMZ,,4/20/2022 2:00:46 PM,250.2,ng/µl,5.005,2.869,1.74,1.44,DNA
RXZ,,4/22/2022 8:27:26 PM,254.1,ng/µl,5.082,2.867,1.77,1.42,DNA
OPZ,,4/21/2022 12:33:13 PM,225.9,ng/µl,4.517,2.487,1.82,1.65,DNA
BFI,,3/23/2022 1:29:55 PM,91.7,ng/µl,1.833,0.977,1.88,2.69,DNA
BHR,,3/23/2022 1:31:38 PM,196.1,ng/µl,3.923,2.157,1.82,2.63,DNA
DIN,,3/23/2022 1:31:00 PM,167.2,ng/µl,3.344,1.81,1.85,2.28,DNA
LQX,,3/23/2022 1:28:50 PM,150.3,ng/µl,3.006,1.641,1.83,1.9,DNA
CQX,,3/9/2022 5:04:43 PM,125.4,ng/µl,2.507,1.394,1.8,0.97,DNA
DSX,,3/9/2022 5:10:44 PM,259.5,ng/µl,5.191,2.956,1.76,1.46,DNA
GMY,,3/9/2022 5:13:39 PM,224.3,ng/µl,4.486,2.559,1.75,1.44,DNA
DUZ,,3/9/2022 5:11:42 PM,162.7,ng/µl,3.254,1.825,1.78,1.34,DNA
CMW,,3/9/2022 5:03:21 PM,250.1,ng/µl,5.001,2.78,1.8,1.75,DNA
OWX,,3/9/2022 5:15:19 PM,130,ng/µl,2.6,1.547,1.68,0.97,DNA
JMP,,3/9/2022 5:14:30 PM,211.6,ng/µl,4.231,2.389,1.77,1.49,DNA
DSY,,3/15/2022 3:22:16 PM,81.3,ng/µl,1.626,0.862,1.89,3.65,DNA
EFU,,3/15/2022 3:20:22 PM,46.7,ng/µl,0.934,0.489,1.91,14.78,DNA
AOX,,3/10/2022 3:26:16 PM,258.5,ng/µl,5.17,3.023,1.71,1.18,DNA
AOV,,3/10/2022 3:24:35 PM,212.2,ng/µl,4.243,2.326,1.82,1.76,DNA
EIM,,3/24/2022 3:24:27 PM,198.1,ng/µl,3.961,2.171,1.82,1.75,DNA
PRS,,3/24/2022 3:30:25 PM,203.8,ng/µl,4.076,2.181,1.87,2.74,DNA
OPV,,3/24/2022 3:31:39 PM,149.4,ng/µl,2.988,1.574,1.9,3.54,DNA
ACU,,3/24/2022 3:32:45 PM,257.1,ng/µl,5.143,2.754,1.87,2.79,DNA
PTU,,3/24/2022 3:29:19 PM,157.9,ng/µl,3.157,1.655,1.91,2.3,DNA
HPY,,3/24/2022 3:33:46 PM,230.6,ng/µl,4.612,2.469,1.87,2.66,DNA
ENX,,4/14/2022 7:03:52 PM,221.7,ng/µl,4.434,2.484,1.78,1.3,DNA
MWY,,3/10/2022 3:30:49 PM,46,ng/µl,0.92,0.515,1.79,0.93,DNA
IMY,,3/10/2022 3:29:46 PM,320.2,ng/µl,6.405,3.536,1.81,2.02,DNA
KUX,,4/15/2022 6:31:31 PM,85.3,ng/µl,1.706,0.976,1.75,0.96,DNA
LRS,,4/15/2022 6:32:12 PM,173.4,ng/µl,3.467,1.914,1.81,0.23,DNA
ALY,,3/9/2022 5:00:51 PM,27.6,ng/µl,0.552,0.303,1.82,0.88,DNA
INV,,3/15/2022 12:14:36 PM,176.1,ng/µl,3.522,1.923,1.83,1.76,DNA
DRV,,3/9/2022 3:20:15 PM,144.2,ng/µl,2.884,1.481,1.95,7.03,DNA
QRS,,3/23/2022 1:29:26 PM,225.4,ng/µl,4.509,2.438,1.85,2.73,DNA
DEK,,3/9/2022 5:06:22 PM,60,ng/µl,1.2,0.675,1.78,1.52,DNA
DOZ,,3/11/2022 6:22:35 PM,339.9,ng/µl,6.797,3.834,1.77,1.81,DNA